{"accuracy":47.77922274107678,"trials":741.0000000000002,"accurate":354.0440405113791,"precall":{"AE.com":{"precision":45.142944662844606,"recall":69.06629500910948},"Aeropostale.com":{"precision":19.64493362307513,"recall":24.121683952916083},"Amazon.com":{"precision":80.89487026604019,"recall":46.666666666666664},"BananaRepublic.com":{"precision":74.25012741733094,"recall":36.8061455991532},"BedBathandBeyond.com":{"precision":100,"recall":58.95357737371112},"Belk.com":{"precision":46.75637741116873,"recall":25.03772137149502},"BestBuy.com":{"precision":15.31288979004683,"recall":33.03565328331629},"Blair.com":{"precision":91.59388058422947,"recall":24.453422054104397},"ChildrensPlace.com":{"precision":80.1596143599672,"recall":80.27678496907356},"ColdwaterCreek.com":{"precision":18.449445890948553,"recall":33.58514757038012},"Costco.com":{"precision":70.28772391044798,"recall":71.85363267317642},"Dillards.com":{"precision":84.2954345308459,"recall":76.53031269401536},"eBay.com":{"precision":100,"recall":64.9616410205975},"Express.com":{"precision":32.53411829609561,"recall":21.63146502654116},"Forever21.com":{"precision":96.22569233062237,"recall":55.7876837092563},"Gap.com":{"precision":100,"recall":88.95753392318083},"Google.com":{"precision":100,"recall":97.81287661933},"Haband.com":{"precision":100,"recall":37.87130583728113},"Hollisterco.com":{"precision":31.878650901298517,"recall":42.70791067917706},"HomeDepot.com":{"precision":31.605237125864605,"recall":11.100361318969416},"hottopic.com":{"precision":65.28498491561669,"recall":22.44615211423789},"JCPenney.com":{"precision":42.608982946712295,"recall":17.69265055431359},"KingSizeDirect.com":{"precision":64.08702904962318,"recall":43.509618672370756},"Kmart.com":{"precision":16.6587026435979,"recall":35.613509476184475},"Kohls.com":{"precision":92.58639119001589,"recall":27.01417605765074},"LandsEnd.com":{"precision":33.29464870635335,"recall":15.481239056580224},"LaneBryant.com":{"precision":95.89146025492731,"recall":95.54490530228229},"LLBean.com":{"precision":35.78927896465567,"recall":22.050630557154868},"Lowes.com":{"precision":9.14059699901256,"recall":22.158600485753873},"Macys.com":{"precision":10.612190101773713,"recall":8.904028366609285},"Meijer.com":{"precision":11.836440743041996,"recall":37.502014242698564},"Newegg.com":{"precision":78.94736842105263,"recall":100},"Nike.com":{"precision":21.151159453987415,"recall":45.32056626640507},"Nordstrom.com":{"precision":100,"recall":62.1709869968991},"OldNavy.com":{"precision":100,"recall":100},"OneStopPlus.com":{"precision":96.88458717577643,"recall":79.55671775528525},"Overstock.com":{"precision":100,"recall":100},"QVC.com":{"precision":100,"recall":6.720207775598119},"Roamans.com":{"precision":100,"recall":93.33333333333333},"RossStores.com":{"precision":29.53186166305391,"recall":46.61815151046529},"SamsClub.com":{"precision":51.852465191028685,"recall":77.12617605563314},"Sears.com":{"precision":28.823004200958323,"recall":4.5055898837504325},"Target.com":{"precision":74.835193104057,"recall":58.06530046627697},"TigerDirect.com":{"precision":35.74599060981329,"recall":51.755004844451726},"TJMaxx.com":{"precision":12.209489516966874,"recall":40.97890453475381},"VictoriasSecret.com":{"precision":53.82364211006904,"recall":46.666666666666664},"Walmart.com":{"precision":100,"recall":80.06129490641058},"WomanWithin.com":{"precision":8.898712887455593,"recall":6.655548273796379},"Yahoo.com":{"precision":33.72103572750385,"recall":13.307532752988863},"Zappos.com":{"precision":94.17746223347302,"recall":35.57553906667622}}}
