{"accuracy":42.8,"trials":750,"accurate":321,"precall":{"AE.com":{"precision":null,"recall":0},"Aeropostale.com":{"precision":66.66666666666666,"recall":13.333333333333334},"Amazon.com":{"precision":100,"recall":66.66666666666666},"BananaRepublic.com":{"precision":100,"recall":13.333333333333334},"BedBathandBeyond.com":{"precision":85.71428571428571,"recall":40},"Belk.com":{"precision":85.71428571428571,"recall":40},"BestBuy.com":{"precision":50,"recall":93.33333333333333},"Blair.com":{"precision":46.15384615384615,"recall":40},"ChildrensPlace.com":{"precision":62.5,"recall":66.66666666666666},"ColdwaterCreek.com":{"precision":24,"recall":40},"Costco.com":{"precision":20.689655172413794,"recall":40},"Dillards.com":{"precision":84.61538461538461,"recall":73.33333333333333},"eBay.com":{"precision":90,"recall":60},"Express.com":{"precision":70,"recall":46.666666666666664},"Forever21.com":{"precision":52.94117647058824,"recall":60},"Gap.com":{"precision":46.15384615384615,"recall":40},"Google.com":{"precision":100,"recall":93.33333333333333},"Haband.com":{"precision":0,"recall":0},"Hollisterco.com":{"precision":20.930232558139537,"recall":60},"HomeDepot.com":{"precision":18.6046511627907,"recall":53.333333333333336},"hottopic.com":{"precision":0,"recall":0},"JCPenney.com":{"precision":25,"recall":13.333333333333334},"KingSizeDirect.com":{"precision":28.57142857142857,"recall":26.666666666666668},"Kmart.com":{"precision":9.090909090909092,"recall":6.666666666666667},"Kohls.com":{"precision":100,"recall":60},"LandsEnd.com":{"precision":66.66666666666666,"recall":26.666666666666668},"LaneBryant.com":{"precision":90,"recall":60},"LLBean.com":{"precision":17.5,"recall":46.666666666666664},"Lowes.com":{"precision":44.44444444444444,"recall":26.666666666666668},"Macys.com":{"precision":100,"recall":40},"Meijer.com":{"precision":75,"recall":80},"Newegg.com":{"precision":50,"recall":6.666666666666667},"Nike.com":{"precision":27.027027027027028,"recall":66.66666666666666},"Nordstrom.com":{"precision":100,"recall":46.666666666666664},"OldNavy.com":{"precision":56.25,"recall":60},"OneStopPlus.com":{"precision":0,"recall":0},"Overstock.com":{"precision":40.909090909090914,"recall":60},"QVC.com":{"precision":44.44444444444444,"recall":26.666666666666668},"Roamans.com":{"precision":11.11111111111111,"recall":13.333333333333334},"RossStores.com":{"precision":66.66666666666666,"recall":80},"SamsClub.com":{"precision":66.66666666666666,"recall":40},"Sears.com":{"precision":33.33333333333333,"recall":26.666666666666668},"Target.com":{"precision":66.66666666666666,"recall":13.333333333333334},"TigerDirect.com":{"precision":58.82352941176471,"recall":66.66666666666666},"TJMaxx.com":{"precision":27.77777777777778,"recall":66.66666666666666},"VictoriasSecret.com":{"precision":29.72972972972973,"recall":73.33333333333333},"Walmart.com":{"precision":42.30769230769231,"recall":73.33333333333333},"WomanWithin.com":{"precision":25,"recall":26.666666666666668},"Yahoo.com":{"precision":11.11111111111111,"recall":6.666666666666667},"Zappos.com":{"precision":64.28571428571429,"recall":60}}}
