{"AE.com":{"AE.com":4.652904864502075,"Kohls.com":4.355036377784627,"Yahoo.com":1,"Zappos.com":0.9999999999999999,"Gap.com":1.324942444914536,"LaneBryant.com":0.667408714793386,"SamsClub.com":1.3343717003466977,"BananaRepublic.com":0.3331363226746218,"OldNavy.com":0.33219957498405717},"Aeropostale.com":{"BestBuy.com":3.3413504869852915,"Kmart.com":3.332869884162789,"Lowes.com":0.329374570197786,"Nike.com":3.0034487893782176,"Nordstrom.com":0.3315576732313554,"TJMaxx.com":1.6558645201915927,"VictoriasSecret.com":0.672092147664139,"Express.com":0.33162435777680715,"Meijer.com":1.3334419281888286,"Yahoo.com":0.6683756422231928},"Amazon.com":{"Amazon.com":10,"BestBuy.com":1.6735029861198,"Meijer.com":0.9916608336335876,"Nike.com":0.33483618024661216,"Kmart.com":1.3363876068628855,"TJMaxx.com":0.3306957029259359,"Hollisterco.com":0.33291669021117853},"BananaRepublic.com":{"Gap.com":0.33338125140062114,"LandsEnd.com":0.3351474888282056,"Target.com":2.6748201401468026,"Yahoo.com":9.988138706994187,"Zappos.com":0.3314712597711732,"BananaRepublic.com":1,"Blair.com":0.33704115285901187},"BedBathandBeyond.com":{"BedBathandBeyond.com":9.983200404903512,"Zappos.com":5.016799595096487},"Belk.com":{"Belk.com":0.6593000121718061,"Blair.com":0.6642013019058773,"Dillards.com":0.3310422600200915,"Haband.com":0.33593121655112707,"LLBean.com":0.3330265234287814,"Yahoo.com":9.682213541155814,"Hollisterco.com":2.0018906813237303,"KingSizeDirect.com":0.33165562753323835,"Express.com":0.3295554075243351,"QVC.com":0.3311834283851986},"BestBuy.com":{"BestBuy.com":10.664286928954583,"Kmart.com":1.6805549908820097,"Nike.com":1.6629350222854242,"Meijer.com":0.9922230578779835},"Blair.com":{"Costco.com":0.662218740052628,"Express.com":1.671164185568992,"Hollisterco.com":0.9989897040863647,"Kmart.com":0.6663527681271115,"Meijer.com":0.3322943583009152,"TJMaxx.com":1.3324307854449964,"Yahoo.com":7.000266550296718,"ColdwaterCreek.com":0.6719829326988472,"Nike.com":0.6630298685416327,"VictoriasSecret.com":0.33697013145836724,"HomeDepot.com":0.6642999754234256},"ChildrensPlace.com":{"ChildrensPlace.com":3.361019062816994,"TigerDirect.com":3.6487368443123325,"Yahoo.com":5.32895874014887,"Costco.com":1.333591250281696,"KingSizeDirect.com":1.3276941024401079},"ColdwaterCreek.com":{"BestBuy.com":2.003510984961978,"ColdwaterCreek.com":0.33040758757875793,"Hollisterco.com":0.665918846579522,"HomeDepot.com":0.33505891367643637,"Kmart.com":2.348836034588794,"Lowes.com":0.9901411977247929,"Meijer.com":2.656169671360443,"Nike.com":2.6712388722634297,"TJMaxx.com":0.997890838902259,"VictoriasSecret.com":0.334932363135299,"Aeropostale.com":0.3321884459599895,"Blair.com":0.3290906926234141,"JCPenney.com":0.6709093073765859,"Macys.com":0.3337062432682983},"Costco.com":{"ColdwaterCreek.com":1.3339252771156298,"Costco.com":6.345184880187665,"Hollisterco.com":1.3261478359316352,"HomeDepot.com":0.663813574524624,"Yahoo.com":1.3309328833154441,"Express.com":0.32576404888378,"Kmart.com":1.6628023603580413,"TJMaxx.com":1.3474819220543641,"WomanWithin.com":0.33299821212169006,"Aeropostale.com":0.33094900550712597},"Dillards.com":{"Dillards.com":3.6671852597649637,"KingSizeDirect.com":2.3260061916069623,"TigerDirect.com":1.6509424102202757,"Yahoo.com":5.6879135761613355,"Zappos.com":0.6725879669292445,"ChildrensPlace.com":0.9953645953172181},"eBay.com":{"Zappos.com":2.6510044470125638,"eBay.com":12.348995552987436},"Express.com":{"ColdwaterCreek.com":2.669599371918147,"Hollisterco.com":1.0040247846668762,"Kmart.com":2.990525945693973,"Lowes.com":0.3355894928114054,"Nike.com":0.6680571935537176,"TJMaxx.com":3.3404278780509773,"HomeDepot.com":0.32960409280750097,"VictoriasSecret.com":0.6670055043436973,"Yahoo.com":1.6663261213111429,"Aeropostale.com":0.6655789175453375,"JCPenney.com":0.3308257651637835,"Nordstrom.com":0.33243493213344316},"Forever21.com":{"ChildrensPlace.com":2.338833761925477,"Costco.com":0.3388219311995255,"Forever21.com":6.0025802035872875,"KingSizeDirect.com":0.3304145209477751,"LandsEnd.com":1.3249894161290752,"Yahoo.com":4.324354994238627,"TigerDirect.com":0.3400051719722332},"Gap.com":{"BananaRepublic.com":4.341167038014298,"Gap.com":2.3405658966876484,"OldNavy.com":1.6614938574792626,"Amazon.com":0.6691965262891094,"Google.com":0.666784026281423,"Kohls.com":0.6585640618208928,"LandsEnd.com":0.33233906812487896,"Target.com":0.9946022127730456,"Yahoo.com":2.3352873125294407,"Roamans.com":1},"Google.com":{"BananaRepublic.com":2.333664502132291,"Google.com":11.666335497867708,"Target.com":0.6700817064190073,"Yahoo.com":0.32991829358099267},"Haband.com":{"Costco.com":0.6766752651878234,"Haband.com":3.664571334424463,"LandsEnd.com":3.005163294057762,"TigerDirect.com":0.9997307457426714,"Yahoo.com":6.330828906410841,"KingSizeDirect.com":0.32303045417643916},"Hollisterco.com":{"Aeropostale.com":0.9801090793088062,"BestBuy.com":1.6605419610797887,"ColdwaterCreek.com":0.33787821410165236,"JCPenney.com":0.3306356020055296,"Kmart.com":4.699739310138276,"Lowes.com":0.6681958199937517,"Meijer.com":0.6654102081397217,"Nike.com":2.003248055586148,"TJMaxx.com":1.6722304356108115,"Yahoo.com":1.331486183892818,"VictoriasSecret.com":0.32087513593016453,"Hollisterco.com":0.3296499942125317},"HomeDepot.com":{"Aeropostale.com":1.3239706135907137,"BestBuy.com":1.331478301399445,"ColdwaterCreek.com":1.6686436405726441,"Hollisterco.com":2.67773761136629,"HomeDepot.com":0.3288066569548672,"TJMaxx.com":2.006587487974555,"WomanWithin.com":0.6670234662098726,"Yahoo.com":0.6606416166359286,"Kmart.com":2.001424578475136,"Nordstrom.com":0.3321978253923069,"VictoriasSecret.com":0.661414662636495,"JCPenney.com":0.6680669506937913,"Lowes.com":0.3340479340821602,"Macys.com":0.33795865401579483},"hottopic.com":{"Kmart.com":0.6593666364653779,"QVC.com":0.3339370040536996,"TJMaxx.com":0.3406333635346221,"Yahoo.com":10.98824939709,"hottopic.com":1.674460808235269,"Hollisterco.com":1.0033527906210329},"JCPenney.com":{"BestBuy.com":0.6686797110681406,"ColdwaterCreek.com":2.3370383868415163,"Express.com":1.330122150906458,"Hollisterco.com":2.6742880442304466,"JCPenney.com":0.6672711795739785,"Kmart.com":0.991555800434913,"TJMaxx.com":1.6746530382198723,"Yahoo.com":3.323911162651251,"HomeDepot.com":0.6673972163106372,"VictoriasSecret.com":0.33269986637663695,"WomanWithin.com":0.3323834433861494},"KingSizeDirect.com":{"ColdwaterCreek.com":0.3272677762063043,"Costco.com":1.6781595162936733,"Express.com":0.33266125526231527,"KingSizeDirect.com":2.339498531018875,"Sears.com":0.3373895855904341,"TJMaxx.com":1.0069692328801685,"WomanWithin.com":0.3331017356512118,"Yahoo.com":5.661038381973904,"ChildrensPlace.com":0.6572041306675105,"HomeDepot.com":0.3348224123950555,"JCPenney.com":0.6617169109051644,"Aeropostale.com":0.3324796564449356,"Hollisterco.com":0.6675203435550643,"TigerDirect.com":0.3301705311553837},"Kmart.com":{"BestBuy.com":7.015163365528788,"Kmart.com":2.6705212778965337,"Meijer.com":1.3265829300605771,"Nike.com":2.999794346553301,"TJMaxx.com":0.6600921033210698,"Nordstrom.com":0.3278459766397309},"Kohls.com":{"AE.com":1.3278882848982692,"Kohls.com":2.6710325082066566,"OldNavy.com":0.3369558522380567,"SamsClub.com":1.665456191313014,"Yahoo.com":6.329628644320675,"Zappos.com":0.3311743835898893,"Newegg.com":1,"Target.com":0.6703713556793245,"Amazon.com":0.667492779754115},"LandsEnd.com":{"Haband.com":0.32595163791061793,"LandsEnd.com":6.6671398130978385,"TigerDirect.com":0.6779961735952511,"Yahoo.com":3.3342433080809544,"Forever21.com":0.6586168453731265,"Hollisterco.com":0.6677063858459009,"HomeDepot.com":0.3380533010673046,"Sears.com":0.332293614154099,"VictoriasSecret.com":0.6667984084073759,"TJMaxx.com":0.6647050306517367,"Target.com":0.33120051246753246,"WomanWithin.com":0.3352949693482633},"LaneBryant.com":{"AE.com":0.667829767062317,"Gap.com":1.0009812950795105,"Kohls.com":3.0187023506950506,"LaneBryant.com":4.657717060392707,"SamsClub.com":3.3159633553072783,"Zappos.com":1.6708500933632346,