{"ebay.at":{"ebay.at":9.34285899190112,"ebay.ca":1.004332634410241,"ebay.hk":1.9980648807502024,"ebay.in":0.325620232492062,"ebay.it":1.0026911453053544,"ebay.nl":0.6654687192338367,"ebay.pl":0.660963395907185},"ebay.be":{"ebay.be":3.326440204677702,"ebay.co.th":1.9935505274403729,"ebay.sg":2.3330676074537493,"ebay.tr":7.346941660428175},"ebay.ca":{"ebay.at":3.0002489441148725,"ebay.ca":4.670805317488884,"ebay.com.au":0.9944006883829735,"ebay.hk":5.004156618989771,"ebay.nl":0.33099100603197473,"ebay.pl":0.33341888213249943,"ebay.in":0.33357642185589653,"ebay.it":0.33240212100312866},"ebay.ch":{"ebay.at":2.674879097375997,"ebay.com.au":1.00004558274154,"ebay.es":0.32991357428575796,"ebay.it":1.6656369583123292,"ebay.nl":3.6702243428706045,"ebay.pl":3.9969927018968714,"ebay.ch":0.33408821763800894,"ebay.com":0.6662852753368518,"ebay.ca":0.6619342495420399},"ebay.cn":{"ebay.cn":14,"ebay.com.tw":1.0000000000000002},"ebay.co.jp":{"ebay.co.jp":13,"ebay.cn":2},"ebay.com":{"ebay.at":4.336082275373248,"ebay.ca":2.0029776736353746,"ebay.com":3.3245864977283994,"ebay.es":0.33328383820579915,"ebay.it":2.683709041431673,"ebay.pl":0.33288384196246984,"ebay.in":0.6595582731607292,"ebay.nl":0.33173594839393117,"ebay.hk":0.6592768761925819,"ebay.se":0.33590573391579226},"ebay.com.au":{"ebay.at":4.007215232736028,"ebay.ca":3.0056777504515777,"ebay.com.au":2.3302373610244076,"ebay.hk":1.9992673717404243,"ebay.it":1.3287347068515654,"ebay.nl":0.9962865254747133,"ebay.ch":0.3315892533915394,"ebay.pl":0.6679657316331562,"ebay.com":0.33302606669658763},"ebay.com.tw":{"ebay.com.tw":14.002616183402427,"ebay.in":0.9973838165975728},"ebay.co.th":{"ebay.co.th":1.9884290256369779,"ebay.sg":3.3201882903426494,"ebay.tr":8.024673520189001,"ebay.be":0.6667091638313727,"ebay.ie":1},"ebay.co.uk":{"ebay.at":0.3359578247908952,"ebay.ca":0.3315532983606483,"ebay.co.uk":12.334132499372,"ebay.nl":0.3324888768484565,"ebay.it":1.665867500628001},"ebay.de":{"ebay.de":11.3378940476194,"ebay.in":2.6688938573234253,"ebay.it":0.9932120950571739},"ebay.es":{"ebay.at":1.3257546880284556,"ebay.ca":1.3357287655134207,"ebay.com.au":0.3338432877752228,"ebay.es":2.6697964183074894,"ebay.hk":2.0005302374234177,"ebay.it":1.6652540144663448,"ebay.nl":2.6738664224450703,"ebay.pl":1.6676487268653255,"ebay.com":0.6607208738081145,"ebay.in":0.6668565653671386},"ebay.hk":{"ebay.at":1.6643627926487263,"ebay.ca":2.0097144303402747,"ebay.hk":8.338230939730538,"ebay.in":0.33397100832060106,"ebay.nl":0.6622838686688715,"ebay.ch":0.6630290481850537,"ebay.pl":0.33697095181494624,"ebay.com":0.32904807548286824,"ebay.it":0.6623888848081194},"ebay.ie":{"ebay.ie":14,"ebay.sg":1},"ebay.in":{"ebay.at":1.004072786486911,"ebay.ca":3.671801697954225,"ebay.com.au":0.9960474756974222,"ebay.hk":3.6618294462873617,"ebay.in":2.006839570383371,"ebay.se":0.3289178050966278,"ebay.ie":2.9999999999999996,"ebay.it":0.3304912180940809},"ebay.it":{"ebay.ca":2.3382132680944596,"ebay.com":0.338128248490916,"ebay.hk":1.6680053211238517,"ebay.it":6.991377495781441,"ebay.at":2.003574172940124,"ebay.es":0.663303036774593,"ebay.nl":0.997398456794615},"ebay.nl":{"ebay.at":2.0038283170093636,"ebay.ca":1.661175315129107,"ebay.ch":0.9948552005821725,"ebay.es":0.6696120092001494,"ebay.hk":1.6691689203218347,"ebay.it":0.6720032281711639,"ebay.nl":3.33042321315218,"ebay.pl":3.001487159030082,"ebay.com.au":0.6651566051810809,"ebay.in":0.3322900322228667},"ebay.ph":{"ebay.ca":0.3384062662166686,"ebay.es":1.3238705329092788,"ebay.hk":0.3287823152180628,"ebay.in":1.3360079948870613,"ebay.it":5.677600060632166,"ebay.ph":5.663836983116521,"ebay.com":0.33149584702024176},"ebay.pl":{"ebay.at":3.6666094534075815,"ebay.ch":1.9979000386937622,"ebay.com.au":0.330626705616008,"ebay.it":0.9991385494295963,"ebay.nl":5.338274214097481,"ebay.pl":2.339226427066203,"ebay.es":0.32822461168936845},"ebay.se":{"ebay.at":2.320667315131183,"ebay.ca":2.3487559846392374,"ebay.com":3.0030007014793796,"ebay.in":0.33369895622434803,"ebay.it":3.0028748177973523,"ebay.nl":1.6602171093396396,"ebay.es":0.6637005398824143,"ebay.se":1.0009461391566798,"ebay.com.au":0.3340077239008676,"ebay.hk":0.3321307124488985},"ebay.sg":{"ebay.be":0.6619977075866279,"ebay.co.th":1.6491520786561207,"ebay.sg":1.9952662683957045,"ebay.tr":9.693583945361546,"ebay.ie":1},"ebay.tr":{"ebay.co.th":0.9937056604445175,"ebay.sg":0.6586283611890347,"ebay.tr":12.347665978366447,"ebay.cn":0.6722501628782027,"ebay.co.jp":0.3277498371217974},"ebay.vn":{"ebay.it":1.0000000000000002,"ebay.vn":14}}
