{"accuracy":30.228084400560167,"trials":750.0000000000009,"accurate":226.71063300420155,"precall":{"AE.com":{"precision":73.8653024619971,"recall":68.92427590726207},"Aeropostale.com":{"precision":0,"recall":0},"Amazon.com":{"precision":10.613938141246528,"recall":44.485681299991946},"BananaRepublic.com":{"precision":23.633126047213924,"recall":8.933740753538157},"BedBathandBeyond.com":{"precision":100,"recall":86.66666666666667},"Belk.com":{"precision":0,"recall":0},"BestBuy.com":{"precision":7.072809166194341,"recall":37.89913444935583},"Blair.com":{"precision":100,"recall":6.666666666666667},"ChildrensPlace.com":{"precision":0,"recall":0},"ColdwaterCreek.com":{"precision":0,"recall":0},"Costco.com":{"precision":90.95466856258545,"recall":22.267759664782467},"Dillards.com":{"precision":78.33793990941524,"recall":64.13302720630811},"eBay.com":{"precision":100,"recall":93.33333333333333},"Express.com":{"precision":0,"recall":0},"Forever21.com":{"precision":87.30350217662493,"recall":60.18823565277057},"Gap.com":{"precision":100,"recall":8.846827456294498},"Google.com":{"precision":16.57858377588888,"recall":8.847526607138821},"Haband.com":{"precision":96.79678721520571,"recall":66.5886938393083},"Hollisterco.com":{"precision":7.051827349657754,"recall":11.273791326299843},"HomeDepot.com":{"precision":0,"recall":0},"hottopic.com":{"precision":0,"recall":0},"JCPenney.com":{"precision":0,"recall":0},"KingSizeDirect.com":{"precision":9.964318555224683,"recall":2.197181380490848},"Kmart.com":{"precision":2.8982028815318777,"recall":2.1803925995204936},"Kohls.com":{"precision":82.93669025625925,"recall":75.61351481923583},"LandsEnd.com":{"precision":0,"recall":0},"LaneBryant.com":{"precision":40.0234880314225,"recall":8.871629504594129},"LLBean.com":{"precision":1.7091454239205404,"recall":2.1927874517344517},"Lowes.com":{"precision":7.312894284795478,"recall":13.320550014032287},"Macys.com":{"precision":10.510421169817729,"recall":4.4173788106888985},"Meijer.com":{"precision":4.6572673055333125,"recall":6.609346979790478},"Newegg.com":{"precision":100,"recall":93.33333333333333},"Nike.com":{"precision":8.300716014091334,"recall":11.073134834084737},"Nordstrom.com":{"precision":100,"recall":100},"OldNavy.com":{"precision":97.70139119429521,"recall":93.35196857563255},"OneStopPlus.com":{"precision":29.45567145491449,"recall":11.061582308153726},"Overstock.com":{"precision":100,"recall":88.84052895238315},"QVC.com":{"precision":0,"recall":0},"Roamans.com":{"precision":100,"recall":33.3759187271777},"RossStores.com":{"precision":63.22405099506192,"recall":42.061957195518865},"SamsClub.com":{"precision":5.369158209742325,"recall":15.767063442176655},"Sears.com":{"precision":25.019919137949753,"recall":2.2023056028938846},"Target.com":{"precision":4.248760135308568,"recall":2.16815094829849},"TigerDirect.com":{"precision":59.28775779830452,"recall":91.09952435457186},"TJMaxx.com":{"precision":4.627768963077208,"recall":28.974338747942202},"VictoriasSecret.com":{"precision":36.96880128281167,"recall":66.66666666666666},"Walmart.com":{"precision":92.02224440454381,"recall":51.1247380391188},"WomanWithin.com":{"precision":7.745504626274529,"recall":4.469784826899736},"Yahoo.com":{"precision":0,"recall":0},"Zappos.com":{"precision":63.05499487478928,"recall":71.3750810833538}}}
