{"accuracy":47.145349680795086,"trials":750,"accurate":353.59012260596313,"precall":{"AE.com":{"precision":47.03923880093519,"recall":47.15765327581266},"Aeropostale.com":{"precision":6.282624376540786,"recall":8.885515852255914},"Amazon.com":{"precision":80.23908195466927,"recall":73.33333333333333},"BananaRepublic.com":{"precision":100,"recall":60.19478676055853},"BedBathandBeyond.com":{"precision":100,"recall":81.94185943660102},"Belk.com":{"precision":28.316696283503727,"recall":8.800085135899145},"BestBuy.com":{"precision":17.402870786702852,"recall":75.88987062776569},"Blair.com":{"precision":83.53967130743446,"recall":11.24427237196627},"ChildrensPlace.com":{"precision":100,"recall":51.46937405633254},"ColdwaterCreek.com":{"precision":2.037532039295862,"recall":2.2475275027500614},"Costco.com":{"precision":97.10490659685415,"recall":71.40433606059871},"Dillards.com":{"precision":95.12846037590789,"recall":42.19152277795134},"eBay.com":{"precision":100,"recall":100},"Express.com":{"precision":18.08103632010803,"recall":4.395782641817971},"Forever21.com":{"precision":83.9656299346849,"recall":91.27824654043852},"Gap.com":{"precision":100,"recall":93.33333333333333},"Google.com":{"precision":100,"recall":93.33333333333333},"Haband.com":{"precision":82.11383631481466,"recall":40.19426486097043},"Hollisterco.com":{"precision":8.601996048730935,"recall":4.586594425558215},"HomeDepot.com":{"precision":29.217102919663162,"recall":15.574907289413522},"hottopic.com":{"precision":67.16188531152945,"recall":13.411059940993999},"JCPenney.com":{"precision":61.92039794813159,"recall":17.643279598690214},"KingSizeDirect.com":{"precision":68.83716445526763,"recall":29.149999073309285},"Kmart.com":{"precision":8.031036645414865,"recall":20.16001653759946},"Kohls.com":{"precision":64.66933719106163,"recall":44.77635701194685},"LandsEnd.com":{"precision":24.133151182756908,"recall":31.093586960157815},"LaneBryant.com":{"precision":100,"recall":91.19401478774508},"LLBean.com":{"precision":34.63883032098723,"recall":24.436846799714466},"Lowes.com":{"precision":4.061357518831294,"recall":6.6313185708529465},"Macys.com":{"precision":39.969357263599555,"recall":4.482473953287972},"Meijer.com":{"precision":6.208476425432739,"recall":21.958177792270632},"Newegg.com":{"precision":97.6645055850378,"recall":91.10311276623986},"Nike.com":{"precision":14.428697935202134,"recall":17.376299863953978},"Nordstrom.com":{"precision":100,"recall":91.08398656384523},"OldNavy.com":{"precision":100,"recall":100},"OneStopPlus.com":{"precision":81.30741074057735,"recall":38.18830360520258},"Overstock.com":{"precision":100,"recall":80},"QVC.com":{"precision":85.77485982997017,"recall":13.270343204275742},"Roamans.com":{"precision":89.08789423528842,"recall":91.15474439995711},"RossStores.com":{"precision":52.359575570982685,"recall":51.328028117632584},"SamsClub.com":{"precision":51.00646774250469,"recall":75.83931247140748},"Sears.com":{"precision":0,"recall":0},"Target.com":{"precision":56.57536517319301,"recall":57.78450678042836},"TigerDirect.com":{"precision":56.316304877850406,"recall":51.34346886458322},"TJMaxx.com":{"precision":16.79240014386805,"recall":47.06144027889682},"VictoriasSecret.com":{"precision":58.77295083353554,"recall":60},"Walmart.com":{"precision":100,"recall":93.47131761950317},"WomanWithin.com":{"precision":17.176821762335713,"recall":15.536323522164022},"Yahoo.com":{"precision":13.710099984109556,"recall":22.11598738610549},"Zappos.com":{"precision":57.66774343099401,"recall":78.21657795229932}}}
