{"accuracy":16.943373985763838,"trials":748.0000000000001,"accurate":126.73643741351353,"precall":{"AE.com":{"precision":31.968506175977986,"recall":13.395574250277878},"Aeropostale.com":{"precision":13.343718151099795,"recall":15.658497576682445},"Amazon.com":{"precision":10.866624240150074,"recall":20.039424508974317},"BananaRepublic.com":{"precision":10.113479350716336,"recall":13.261505003966015},"BedBathandBeyond.com":{"precision":23.222138835800937,"recall":6.637198303381394},"Belk.com":{"precision":8.497640674294631,"recall":4.500455977491747},"BestBuy.com":{"precision":14.599544611249819,"recall":16.697309274156908},"Blair.com":{"precision":60.79038079306661,"recall":6.663923389160982},"ChildrensPlace.com":{"precision":9.258047565228111,"recall":2.235289229086002},"ColdwaterCreek.com":{"precision":24.18527296735919,"recall":13.407052874287709},"Costco.com":{"precision":15.351775390750444,"recall":17.817392635868558},"Dillards.com":{"precision":32.30459111413575,"recall":24.447694063576655},"eBay.com":{"precision":35.00720396451219,"recall":31.04151454365041},"Express.com":{"precision":16.73433334661133,"recall":11.139714674198121},"Forever21.com":{"precision":0,"recall":0},"Gap.com":{"precision":9.91685233617567,"recall":37.97284696906328},"Google.com":{"precision":18.922773973465954,"recall":17.60944522559919},"Haband.com":{"precision":50.32737528851959,"recall":8.969052915944294},"Hollisterco.com":{"precision":9.281192078954064,"recall":24.721877734259326},"HomeDepot.com":{"precision":8.175050385469312,"recall":19.967198773955353},"hottopic.com":{"precision":7.598146931842184,"recall":13.327603385521527},"JCPenney.com":{"precision":7.196628133226142,"recall":8.829366494903518},"KingSizeDirect.com":{"precision":15.305528606620946,"recall":4.396542335492515},"Kmart.com":{"precision":23.530784835590214,"recall":10.977453261997667},"Kohls.com":{"precision":37.60181904537894,"recall":33.573237970805955},"LandsEnd.com":{"precision":20.043314523685133,"recall":8.910129680077459},"LaneBryant.com":{"precision":15.118619589553914,"recall":24.459239104249562},"LLBean.com":{"precision":6.187873098719679,"recall":4.415392823104057},"Lowes.com":{"precision":10.013550696760413,"recall":8.899932132422082},"Macys.com":{"precision":23.863420523233607,"recall":9.000633250557991},"Meijer.com":{"precision":28.813782440010204,"recall":13.424807887058735},"Newegg.com":{"precision":24.261749496195954,"recall":15.517666070090144},"Nike.com":{"precision":14.656894299534102,"recall":13.296570660078519},"Nordstrom.com":{"precision":89.71167189079226,"recall":57.937285323109144},"OldNavy.com":{"precision":22.1003440535288,"recall":46.71781532774359},"OneStopPlus.com":{"precision":4.533112662511734,"recall":9.757345195835079},"Overstock.com":{"precision":52.27819045569,"recall":28.823826455584662},"QVC.com":{"precision":17.260767392668118,"recall":11.118430299630726},"Roamans.com":{"precision":4.457102283538078,"recall":4.363294997074113},"RossStores.com":{"precision":36.115582844235725,"recall":19.97607245571305},"SamsClub.com":{"precision":17.488021409688304,"recall":24.51987337629263},"Sears.com":{"precision":22.10671075921719,"recall":17.60902030179835},"Target.com":{"precision":11.313040748372162,"recall":8.746766805327264},"TigerDirect.com":{"precision":46.16173442205399,"recall":26.548517963512},"TJMaxx.com":{"precision":18.391656041095384,"recall":44.09583066982591},"VictoriasSecret.com":{"precision":32.132746483115,"recall":37.99482342567006},"Walmart.com":{"precision":3.8880339728518467,"recall":6.664349978659938},"WomanWithin.com":{"precision":0,"recall":0},"Yahoo.com":{"precision":9.509260499713049,"recall":13.301184699464565},"Zappos.com":{"precision":100,"recall":13.287246132908297}}}
