{"AE.com":{"AE.com":10.338641386089312,"Amazon.com":0.672630611664869,"BestBuy.com":0.33867289844236026,"ChildrensPlace.com":0.33213389320972064,"HomeDepot.com":0.3267589873318373,"Kohls.com":2.3334970690059187,"BananaRepublic.com":0.6576651542559815},"Aeropostale.com":{"Amazon.com":2.0053578843053304,"BestBuy.com":2.3366293381896903,"Hollisterco.com":1.0013867285681615,"Kmart.com":0.9937387580804258,"Nike.com":0.3261604426315488,"TJMaxx.com":4.342953964685099,"LandsEnd.com":0.33312474141818266,"Macys.com":0.6703242546502274,"Meijer.com":0.3247811346875442,"SamsClub.com":0.6661404623619105,"WomanWithin.com":0.32861837015563716,"ColdwaterCreek.com":0.3305489239004156,"Lowes.com":0.6733190292972847,"QVC.com":0.3315964530343744,"Target.com":0.3353195140341684},"Amazon.com":{"Amazon.com":6.672852194998793,"Meijer.com":0.9865882593216904,"SamsClub.com":0.3314659393320599,"TJMaxx.com":3.3698833803104127,"BestBuy.com":2.6603353404326944,"Nike.com":0.32080362173432536,"Lowes.com":0.3256766543865821,"VictoriasSecret.com":0.33239460948344146},"BananaRepublic.com":{"Amazon.com":1.338066221585327,"BananaRepublic.com":1.3400611130307234,"HomeDepot.com":1.6640887368593054,"LLBean.com":0.6585495262819102,"Lowes.com":0.6671139301322307,"Meijer.com":0.6613518276570451,"QVC.com":0.6653853094060257,"SamsClub.com":2.7000999778885713,"TJMaxx.com":0.997199617456451,"Hollisterco.com":1.3122282087608268,"Kmart.com":0.664290090307181,"Target.com":1.670283270587859,"Belk.com":0.3327161766148707,"LaneBryant.com":0.32856599343167275},"BedBathandBeyond.com":{"BedBathandBeyond.com":13,"Zappos.com":2},"Belk.com":{"ColdwaterCreek.com":0.662603131036018,"LLBean.com":0.9947062581277488,"Lowes.com":0.33600429879222904,"Meijer.com":1.318796911780408,"Nike.com":0.332384811839679,"SamsClub.com":2.677497518306442,"TJMaxx.com":2.6618990680961985,"WomanWithin.com":0.6689729584430587,"hottopic.com":0.3316108893680919,"Amazon.com":0.6845563837952151,"BestBuy.com":2.334232548417163,"Kmart.com":0.6682788630341365,"VictoriasSecret.com":0.3288755215681975,"Macys.com":0.3343641793266747,"QVC.com":0.33438298016993717,"Target.com":0.3308336778988019},"BestBuy.com":{"Amazon.com":1.6691178168715455,"BestBuy.com":5.684870167403374,"Nike.com":1.002435237991344,"SamsClub.com":1.6591810541229093,"TJMaxx.com":3.3386806992705513,"Lowes.com":0.32352429351383594,"VictoriasSecret.com":0.32718001056097806,"Hollisterco.com":0.3330812197990792,"LLBean.com":0.6619295004663832},"Blair.com":{"Amazon.com":1.0147709982266204,"BestBuy.com":3.013592414321314,"Blair.com":1,"HomeDepot.com":1.319956835148105,"Kmart.com":1.0043203677758734,"LLBean.com":0.6685719236929591,"Macys.com":0.3342942084663117,"SamsClub.com":1.318919118287723,"hottopic.com":0.6646604281253653,"Lowes.com":0.33014396616964564,"Meijer.com":1.3311880826132507,"TJMaxx.com":2.0106068739000005,"Target.com":0.6589482339057914,"VictoriasSecret.com":0.33002654936704023},"ChildrensPlace.com":{"BestBuy.com":1.654025379229248,"Hollisterco.com":0.3288896954161083,"Kmart.com":0.33389085478607416,"Lowes.com":2.6837849078544,"Meijer.com":0.9998201570433621,"SamsClub.com":2.007641441222988,"Sears.com":0.32343891103649297,"TJMaxx.com":1.6755691667735115,"Amazon.com":1.6867898231492495,"Express.com":0.33159175292049087,"LLBean.com":0.3332979936458097,"Macys.com":0.32312579612526865,"Nike.com":0.662847448231538,"Aeropostale.com":0.32865952109909713,"ColdwaterCreek.com":0.3311459898072801,"HomeDepot.com":0.6614261095119215,"Yahoo.com":0.33405505214715936},"ColdwaterCreek.com":{"Aeropostale.com":0.33261141887968865,"BestBuy.com":3.0146507966711296,"Hollisterco.com":0.6625385076346513,"LLBean.com":1.0041446945144508,"Meijer.com":1.0110856220158975,"Nike.com":0.9983904259383398,"SamsClub.com":2.3163995171773824,"TJMaxx.com":2.6640082599895942,"Target.com":0.3282142778850697,"WomanWithin.com":0.3356062551088675,"Belk.com":0.3304141060182167,"Kmart.com":0.32888342697666123,"Amazon.com":1.673052691190051},"Costco.com":{"Amazon.com":0.9966713878157705,"BestBuy.com":0.9940098325364127,"ColdwaterCreek.com":1.9993223451619084,"Costco.com":3.34016394971737,"Kmart.com":0.6652533190515368,"Nike.com":1.3290388912292888,"TJMaxx.com":1.3481961293752356,"VictoriasSecret.com":0.33474668094846305,"Hollisterco.com":0.9997160462734509,"HomeDepot.com":0.65538692952324,"Meijer.com":1.0088141122645102,"OneStopPlus.com":0.3281546064723038,"ChildrensPlace.com":0.332880936298933,"LandsEnd.com":0.33358964856472045,"Lowes.com":0.33405518476685614},"Dillards.com":{"Amazon.com":1.016443657606933,"Dillards.com":9.619954080946219,"TigerDirect.com":3.0233239208395126,"VictoriasSecret.com":1.0097439888504884,"Haband.com":0.3305343517568492},"eBay.com":{"eBay.com":14,"Hollisterco.com":0.33102262065313093,"Meijer.com":0.3326047443626191,"Nike.com":0.33637263498424996},"Express.com":{"BestBuy.com":2.6669992466449646,"ColdwaterCreek.com":0.6598789958679621,"Hollisterco.com":0.6745291404348519,"HomeDepot.com":0.3322563327078327,"LLBean.com":0.9981418898914729,"Macys.com":0.6643671771556066,"Meijer.com":1.3383488067864682,"TJMaxx.com":2.682707574687777,"hottopic.com":0.6736654144488048,"Amazon.com":0.33656219667902854,"Lowes.com":0.6610916830920949,"Nike.com":0.33387891628798344,"QVC.com":0.9950849443127634,"SamsClub.com":0.9963833418992608,"Aeropostale.com":0.6649790703015825,"Kmart.com":0.32112526880154546},"Forever21.com":{"Amazon.com":0.9811766434121849,"Forever21.com":9.028235347915587,"Zappos.com":1.979903803425883,"ChildrensPlace.com":0.3315524260754302,"Dillards.com":0.33361267740321426,"TigerDirect.com":0.3400106665805925,"VictoriasSecret.com":1.3395480019054793,"KingSizeDirect.com":0.6659604332816296},"Gap.com":{"Amazon.com":2.352437585628084,"BananaRepublic.com":2.0028054706599483,"Gap.com":1.3270241184441747,"Google.com":0.32853658515457596,"HomeDepot.com":0.3410008568800926,"LaneBryant.com":0.9950403260417302,"OneStopPlus.com":1.3221888458296414,"VictoriasSecret.com":2.662229764567514,"Macys.com":0.6678067237177275,"TigerDirect.com":0.3327794042054411,"Walmart.com":0.3328094184233597,"Dillards.com":0.6657677362863521,"Hollisterco.com":0.33488300294326606,"RossStores.com":0.6681106326336752,"WomanWithin.com":0.6665795285844173},"Google.com":{"Hollisterco.com":1.0062130495334776,"HomeDepot.com":1.325434896986708,"JCPenney.com":0.9975004596822723,"KingSizeDirect.com":0.33690922092920195,"LLBean.com":0.6734290551487774,"Nike.com":0.6630619072058583,"QVC.com":0.6667665235045028,"SamsClub.com":3.015136331801633,"TJMaxx.com":0.6643009930563142,"Yahoo.com":0.6651940947782016,"Amazon.com":0.3344683778119882,"BestBuy.com":0.6688185816107066,"Google.com":1.327128991070823,"Meijer.com":0.3312228857602112,"OneStopPlus.com":0.3343977007795796,"BananaRepublic.com":0.33674948576219677,"ColdwaterCreek.com":0.334054828685316,"VictoriasSecret.com":0.32847366625758806,"WomanWithin.com":0.6612555171652645,"hottopic.com":0.32948343246937867},"Haband.com":{"Haband.com":9.988304075896243,"RossStores.com":1.3299308120535722,"TigerDirect.com":2.6817651120501855,"VictoriasSecret.com":0.6758242802241137,"Zappos.com":0.3241757197758862},"Hollisterco.com":{"Amazon.com":0.6730008657488413,"BestBuy.com":3.996858124471056,"ColdwaterCreek.com":0.6710765563168801,"Lowes.com":0.6733039381010033,"Macys.com":0.6562202463472957,"Meijer.com":0.6640644110214384,"SamsClub.com":1.6599585502458163,"TJMaxx.com":1.9988166132904774,"WomanWithin.com":0.6596860159630005,"Hollisterco.com":1.6910686989449766,"LLBean.com":0.6703773164409139,"HomeDepot.com":0.3271293674316757,"Kmart.com":0.3319520071501412,"OneStopPlus.com":0.32648728852648373},"HomeDepot.com":{"Amazon.com":1.004766408312591,"BestBuy.com":2.000730183266434,"ColdwaterCreek.com":0.3339443799696133,"Costco.com":0.33217525233141765,"Lowes.com":1.33029163273009,"Meijer.com":2.327306470730292,"Nike.com":1.0064069983283996,"QVC.com":0.33306193865561107,"SamsClub.com":1.6590042690889992,"LandsEnd.com":0.33026797629410337,"TJMaxx.com":3.3385914268475965,