{"accuracy":25.297762158245774,"trials":750.0000000000001,"accurate":189.73321618684332,"precall":{"AE.com":{"precision":66.64653269927341,"recall":31.019365763347167},"Aeropostale.com":{"precision":0,"recall":0},"Amazon.com":{"precision":74.97356229598942,"recall":66.66666666666666},"BananaRepublic.com":{"precision":9.672712562113166,"recall":6.666666666666665},"BedBathandBeyond.com":{"precision":100,"recall":66.5546693660234},"Belk.com":{"precision":100,"recall":4.395333414478707},"BestBuy.com":{"precision":15.28844087127221,"recall":71.09524619303055},"Blair.com":{"precision":0,"recall":0},"ChildrensPlace.com":{"precision":38.6741870487071,"recall":22.406793752113295},"ColdwaterCreek.com":{"precision":2.9117519357297397,"recall":2.2027172505250525},"Costco.com":{"precision":52.76412005936499,"recall":42.30123253458443},"Dillards.com":{"precision":91.72027458712785,"recall":24.447901731766425},"eBay.com":{"precision":100,"recall":82.32663701991623},"Express.com":{"precision":0,"recall":0},"Forever21.com":{"precision":90.1126353036514,"recall":40.01720135724858},"Gap.com":{"precision":39.00428811584499,"recall":15.603772644584321},"Google.com":{"precision":87.49891933945,"recall":77.77556998578473},"Haband.com":{"precision":84.70149398179257,"recall":24.430475562829752},"Hollisterco.com":{"precision":1.5667288676096705,"recall":2.1976666280835446},"HomeDepot.com":{"precision":4.949396811865279,"recall":2.1920443796991145},"hottopic.com":{"precision":100,"recall":11.163072054901793},"JCPenney.com":{"precision":16.68866704649831,"recall":4.44847453049319},"KingSizeDirect.com":{"precision":33.525338877327506,"recall":15.596656873459166},"Kmart.com":{"precision":4.70632175125241,"recall":17.80347518597689},"Kohls.com":{"precision":22.827526051093848,"recall":17.80688338804438},"LandsEnd.com":{"precision":43.514075118389194,"recall":44.44759875398559},"LaneBryant.com":{"precision":77.72157420863101,"recall":31.05144706928471},"LLBean.com":{"precision":95.83761349888046,"recall":51.11885890247322},"Lowes.com":{"precision":0,"recall":0},"Macys.com":{"precision":33.37255010813409,"recall":4.465294621627228},"Meijer.com":{"precision":9.344369041188463,"recall":15.512593545765583},"Newegg.com":{"precision":65.3181156523194,"recall":71.1680518950412},"Nike.com":{"precision":10.075639991023271,"recall":24.412437883519527},"Nordstrom.com":{"precision":0,"recall":0},"OldNavy.com":{"precision":20.02409526458338,"recall":4.4471667238970305},"OneStopPlus.com":{"precision":100,"recall":6.649693317333563},"Overstock.com":{"precision":96.78028016698683,"recall":66.6468293595136},"QVC.com":{"precision":0,"recall":0},"Roamans.com":{"precision":92.5001851397868,"recall":82.22441652571429},"RossStores.com":{"precision":null,"recall":0},"SamsClub.com":{"precision":15.436641232636457,"recall":8.906917192152047},"Sears.com":{"precision":0,"recall":0},"Target.com":{"precision":19.5008233468745,"recall":17.772618371143754},"TigerDirect.com":{"precision":39.03644618880164,"recall":66.81159566854171},"TJMaxx.com":{"precision":2.101675310683053,"recall":4.486094953202253},"VictoriasSecret.com":{"precision":0,"recall":0},"Walmart.com":{"precision":84.27829978830616,"recall":35.57979448549452},"WomanWithin.com":{"precision":0,"recall":0},"Yahoo.com":{"precision":1.0374699503772296,"recall":11.132861715850956},"Zappos.com":{"precision":32.65512174105653,"recall":68.93531397752393}}}
