{"AE.com":{"AE.com":10.359944251366423,"JCPenney.com":0.6686633370164186,"WomanWithin.com":0.33133666298358155,"Express.com":1.3269072604411263,"Target.com":1.328530174053046,"ColdwaterCreek.com":0.3304910354802884,"Meijer.com":0.32864918690377826,"Yahoo.com":0.32547809175533804},"Aeropostale.com":{"Aeropostale.com":3.6182525929374125,"ColdwaterCreek.com":0.6595445171784339,"Hollisterco.com":0.3262669310259333,"Lowes.com":1.2918627140215209,"Meijer.com":0.35012467286106624,"TJMaxx.com":5.420495169888721,"BestBuy.com":0.994509970077742,"Macys.com":0.9945651977286981,"Kmart.com":0.6611084756476768,"Nike.com":0.683269758632795},"Amazon.com":{"Amazon.com":7,"BestBuy.com":3.3389316093206514,"ColdwaterCreek.com":1.295466969122005,"Meijer.com":0.35024053867219773,"Nike.com":1.7330941878793669,"TJMaxx.com":0.6600050065162294,"Lowes.com":0.31179276138155004,"Kmart.com":0.3104689271079995},"BananaRepublic.com":{"AE.com":1.9970224570388975,"BananaRepublic.com":5.52092183987298,"SamsClub.com":7.14718619217496,"Target.com":0.33486951091316297},"BedBathandBeyond.com":{"BedBathandBeyond.com":8.843036606056668,"Costco.com":0.6185246559212545,"RossStores.com":2.2603724941379766,"TigerDirect.com":3.278066243884101},"Belk.com":{"Aeropostale.com":0.3138047816423407,"Belk.com":3.755658205724253,"HomeDepot.com":0.3317596233968724,"Kmart.com":2.90394155222867,"Lowes.com":1.9865079481791583,"Newegg.com":1,"TJMaxx.com":1.0284603856803696,"WomanWithin.com":0.6337824541188722,"BestBuy.com":0.7046187361692519,"ColdwaterCreek.com":0.6491181960490771,"LandsEnd.com":0.337561264535208,"Meijer.com":0.9992890780796604,"Nike.com":0.3554977741962667},"BestBuy.com":{"BestBuy.com":4.955347992497444,"Kmart.com":0.31404566936502204,"Meijer.com":1.6559780285234709,"Nike.com":6.732708956535376,"ColdwaterCreek.com":0.6719161407731138,"TJMaxx.com":0.3396649912528635,"WomanWithin.com":0.33033822105271116},"Blair.com":{"Amazon.com":0.34047568433177,"Blair.com":3.6680133081156594,"Kmart.com":2.350424039679352,"Lowes.com":1.33492794424799,"Meijer.com":1.362324072580943,"Nike.com":0.9991645821926751,"TJMaxx.com":0.6706074457397342,"WomanWithin.com":0.3392776134612656,"BestBuy.com":1.961811055246793,"ColdwaterCreek.com":0.3357821538567648,"LLBean.com":0.6474736854001226,"LandsEnd.com":0.9897184151469296},"ChildrensPlace.com":{"ChildrensPlace.com":12.041517745361036,"LaneBryant.com":0.2481446769462769,"Meijer.com":0.37441888722777444,"TJMaxx.com":1.3184366382998913,"hottopic.com":0.3774364358259486,"KingSizeDirect.com":0.3444161323771475,"Yahoo.com":0.2956294839619257},"ColdwaterCreek.com":{"ColdwaterCreek.com":5.0377721355570175,"LLBean.com":0.9776737137907097,"Lowes.com":1.281380549660064,"Meijer.com":1.3547742480933258,"Nike.com":1.0137071413590215,"TJMaxx.com":2.6737876631727957,"WomanWithin.com":0.32844141006563543,"BestBuy.com":0.9731255208759599,"Express.com":0.3523743333609731,"KingSizeDirect.com":0.3555845654684677,"Aeropostale.com":0.3246926038250121,"Kmart.com":0.3266861147710172},"Costco.com":{"Amazon.com":0.32686688158535765,"ColdwaterCreek.com":0.3216365198090308,"Costco.com":10.059508574244699,"Meijer.com":2.6685911969899703,"Nike.com":0.6233968273709416},"Dillards.com":{"Dillards.com":10.714243777162153,"Aeropostale.com":0.3306514718646453,"Meijer.com":0.3093293247671337,"RossStores.com":0.6645565201935513,"TJMaxx.com":0.6685817894416396,"ColdwaterCreek.com":0.3315876151272375,"Lowes.com":0.6477205846253756,"Yahoo.com":0.33332891681826504},"eBay.com":{"Dillards.com":1.9961050534634626,"Hollisterco.com":0.333687503889288,"Macys.com":0.33218680294386765,"Meijer.com":0.33412569316684426,"RossStores.com":1.6374811474055866,"eBay.com":9.744246153089625,"KingSizeDirect.com":0.3047539038607225,"TigerDirect.com":0.317413742180603},"Express.com":{"Aeropostale.com":0.341689340702711,"Amazon.com":0.3300206702932266,"BestBuy.com":0.6533312505719342,"Express.com":3.0284051037157624,"Hollisterco.com":0.6614126302988994,"HomeDepot.com":0.31136044048401285,"Kmart.com":1.384938849206708,"LandsEnd.com":0.33069836727378477,"Lowes.com":2.3102135984403116,"Macys.com":0.32743315567196035,"Meijer.com":1.665253400174838,"ColdwaterCreek.com":1.004948775781079,"Nike.com":0.32723346285996957,"TJMaxx.com":0.32535354608105327,"Belk.com":0.667861899555042,"WomanWithin.com":0.3298455088887067},"Forever21.com":{"ChildrensPlace.com":1.3590181689698926,"Forever21.com":8.368152556388445,"KingSizeDirect.com":1.6505980833474507,"RossStores.com":2.6456721780915258,"Costco.com":0.314070935627765,"OneStopPlus.com":0.33256850626587,"Zappos.com":0.3299195713090514},"Gap.com":{"Gap.com":13.343630088477124,"BananaRepublic.com":0.6698398662242092,"ChildrensPlace.com":0.33101712712308445,"Kohls.com":0.3244632354302048,"SamsClub.com":0.33104968274537694},"Google.com":{"BananaRepublic.com":0.32806850710050156,"Google.com":14.671931492899498},"Haband.com":{"ChildrensPlace.com":0.3331589674893513,"Costco.com":0.9949742271208117,"Haband.com":5.6806958755921695,"Meijer.com":1.9944273442952838,"Nike.com":0.6678790189096748,"RossStores.com":0.6586529724868037,"TJMaxx.com":1.004863286615815,"ColdwaterCreek.com":0.33714989936289047,"Express.com":0.3261967755732924,"Lowes.com":0.6678724031145453,"TigerDirect.com":2.3341292294393607},"Hollisterco.com":{"BestBuy.com":1.6953978030485157,"Hollisterco.com":6.406186601876559,"Kmart.com":2.6658111828941546,"Lowes.com":0.3153363851087851,"Meijer.com":1.3136228536283716,"Nike.com":1.641062966289618,"Express.com":0.32577595141699556,"Yahoo.com":0.3092932160083748,"TJMaxx.com":0.3275130397286253},"HomeDepot.com":{"BestBuy.com":2.6810256581819125,"ColdwaterCreek.com":1.013031717264464,"Express.com":0.3303757902376607,"Hollisterco.com":1.0400261635119348,"Kmart.com":1.340507958102009,"LandsEnd.com":0.9868716241251752,"Meijer.com":0.9925580882116025,"Nike.com":0.6680313109448922,"WomanWithin.com":1.3238943065008306,"HomeDepot.com":1.6650541978454123,"LLBean.com":0.6551846722314165,"Lowes.com":0.3248428538120902,"Macys.com":1.9785956590306002},"hottopic.com":{"Hollisterco.com":3.677120811423034,"HomeDepot.com":0.33709231062859757,"Lowes.com":0.659160943866629,"Macys.com":0.975861790505072,"WomanWithin.com":1.673838599698017,"hottopic.com":3.366922817135684,"Amazon.com":0.3303199450701037,"Kmart.com":0.33304072929535994,"Meijer.com":0.32830144807410494,"Yahoo.com":0.9868805621674299,"Aeropostale.com":0.33120415407013326,"ColdwaterCreek.com":0.3328080071520111,"LandsEnd.com":0.33051253400390385,"Newegg.com":1,"Nike.com":0.3369353469099192},"JCPenney.com":{"Aeropostale.com":0.6531107631932761,"ColdwaterCreek.com":4.359218561092064,"JCPenney.com":2.653897583147039,"LLBean.com":0.33797040398785905,"Lowes.com":2.015939815970031,"Meijer.com":0.6699116994200067,"Nike.com":0.32273843493295357,"Sears.com":1.3336698348772196,"TJMaxx.com":1.3461390571213308,"HomeDepot.com":0.33019039656178556,"WomanWithin.com":0.6499211002646881,"Yahoo.com":0.32729234943174706},"KingSizeDirect.com":{"ColdwaterCreek.com":0.6617709499890247,"Costco.com":0.6672383544523961,"HomeDepot.com":0.32886631783428216,"KingSizeDirect.com":6.526442800855614,"Lowes.com":1.2553251853615104,"Meijer.com":0.6608583333177365,"Newegg.com":1,"TJMaxx.com":1.6013203330840922,"Yahoo.com":0.33280620744343065,"ChildrensPlace.com":0.3183665077224667,"Hollisterco.com":0.6506374836596269,"Macys.com":0.6708444202159838,"Amazon.com":0.32552310606383644},"Kmart.com":{"Aeropostale.com":0.6689957633332035,"Belk.com":1.9973723756463566,"BestBuy.com":0.6567656402821644,"ColdwaterCreek.com":0.34323055316102713,"Hollisterco.com":1.3187794795729189,"Kmart.com":5.342026421427671,"Lowes.com":0.6648036769637833,"Meijer.com":2.0401768785023027,"TJMaxx.com":1.6460848505601073,"Express.com":0.32176436055046487},"Kohls.com":{"AE.com":8.294615629985271,"ColdwaterCreek.com":0.9917065563272607,"Express.com":0.9944731942006338,"Kohls.com":4.052126408647611,"SamsClub.com":0.6670782108392226},"LandsEnd.com":{"Aeropostale.com":0.6594576804791535,"BestBuy.com":2.023506037383857,