{"accuracy":45.7432493833183,"trials":359.99999999999994,"accurate":164.67569777994586,"precall":{"ebay.at":{"precision":24.791252063066175,"recall":62.28572661267413},"ebay.be":{"precision":71.45725259163252,"recall":22.17626803118468},"ebay.ca":{"precision":18.402707582391002,"recall":31.138702116592558},"ebay.ch":{"precision":7.7309076490521615,"recall":2.2272547842533927},"ebay.cn":{"precision":83.97186860338664,"recall":93.33333333333333},"ebay.co.jp":{"precision":97.54084642098462,"recall":86.66666666666667},"ebay.com":{"precision":36.99620100122086,"recall":22.163909984855998},"ebay.com.au":{"precision":33.36362314189227,"recall":15.534915740162717},"ebay.com.tw":{"precision":93.33449587875006,"recall":93.35077455601618},"ebay.co.th":{"precision":30.01476018112529,"recall":13.25619350424652},"ebay.co.uk":{"precision":100,"recall":82.22754999581332},"ebay.de":{"precision":100,"recall":75.58596031746266},"ebay.es":{"precision":38.239893923950795,"recall":17.79864278871659},"ebay.hk":{"precision":30.146054447760847,"recall":55.588206264870266},"ebay.ie":{"precision":73.68421052631578,"recall":93.33333333333333},"ebay.in":{"precision":20.079044165427888,"recall":13.378930469222471},"ebay.it":{"precision":22.792979048605094,"recall":46.609183305209605},"ebay.nl":{"precision":15.866971732229352,"recall":22.202821421014534},"ebay.ph":{"precision":100,"recall":37.758913220776805},"ebay.pl":{"precision":17.538641323489514,"recall":15.594842847108021},"ebay.se":{"precision":60.089107892566,"recall":6.672974261044533},"ebay.sg":{"precision":21.43799289079658,"recall":13.301775122638029},"ebay.tr":{"precision":33.00379680606812,"recall":82.31777318910964},"ebay.vn":{"precision":100,"recall":93.33333333333333}}}
