{"AE.com":{"AE.com":7.0736479913719,"HomeDepot.com":0.3299414937035046,"SamsClub.com":0.6430295695596266,"Target.com":4.988529622381977,"ColdwaterCreek.com":0.9858832117298795,"JCPenney.com":0.9789681112531119},"Aeropostale.com":{"Aeropostale.com":1.332827377838387,"BestBuy.com":0.6797115617057028,"LandsEnd.com":2.001699677293878,"Lowes.com":1.6401213055784294,"Meijer.com":2.652357589056723,"Nike.com":1.303873913163033,"TJMaxx.com":5.389408575363847},"Amazon.com":{"Aeropostale.com":0.3309792676423808,"Amazon.com":11,"BestBuy.com":2.35527006818261,"LLBean.com":0.6690207323576193,"Nike.com":0.31367519851757486,"TJMaxx.com":0.33105473329981483},"BananaRepublic.com":{"BananaRepublic.com":9.02921801408378,"SamsClub.com":5.312136213025873,"Target.com":0.3246249156701665,"AE.com":0.3340208572201802},"BedBathandBeyond.com":{"BedBathandBeyond.com":12.291278915490153,"Zappos.com":2.7087210845098477},"Belk.com":{"Belk.com":1.3200127703848719,"BestBuy.com":1.9843807696919145,"Kmart.com":3.3481019888371337,"Lowes.com":1.6531205542731369,"Meijer.com":5.037456026688014,"ColdwaterCreek.com":0.3296053501830837,"WomanWithin.com":0.32629377591031317,"Hollisterco.com":0.3362940425628169,"LandsEnd.com":0.6647347214687147},"BestBuy.com":{"BestBuy.com":11.383480594164853,"Meijer.com":0.660781336991394,"ColdwaterCreek.com":0.33008073771445084,"Kmart.com":0.6534970982220412,"Nike.com":0.33767718748861475,"TJMaxx.com":1.6344830454186456},"Blair.com":{"Belk.com":0.3390346781592954,"BestBuy.com":3.9778645835775697,"Blair.com":1.6866408557949404,"ColdwaterCreek.com":0.6595028790496267,"Kmart.com":1.998775440730933,"LandsEnd.com":1.6782270719972923,"Lowes.com":0.9918540492553369,"Meijer.com":1.6731567852949885,"WomanWithin.com":0.3295366863725546,"hottopic.com":0.32860653175984494,"Hollisterco.com":0.33292345784176935,"TJMaxx.com":0.35028245143457,"HomeDepot.com":0.3224659851484799,"Yahoo.com":0.3311285435827981},"ChildrensPlace.com":{"ChildrensPlace.com":7.720406108449879,"KingSizeDirect.com":0.6489311726314413,"Lowes.com":1.984779270102704,"Yahoo.com":1.0046143981543816,"Aeropostale.com":0.33913464626696416,"ColdwaterCreek.com":1.3326426901480903,"OneStopPlus.com":0.31713406016115747,"WomanWithin.com":0.32436167852347053,"BestBuy.com":0.9980417880897303,"TJMaxx.com":0.3299541874721807},"ColdwaterCreek.com":{"Aeropostale.com":0.9849534122355784,"BestBuy.com":2.7446807039560968,"LLBean.com":1.6425793414140497,"Lowes.com":1.9620077531115925,"Meijer.com":2.352147521215813,"Nike.com":2.3175092036789455,"TJMaxx.com":1.3552528258729155,"WomanWithin.com":0.3155970523649658,"Kmart.com":0.9881430607375332,"ColdwaterCreek.com":0.33712912541250917},"Costco.com":{"BestBuy.com":1.9737841431141818,"Costco.com":10.710650409089805,"Lowes.com":0.9867657496284701,"Yahoo.com":1.328799698167542},"Dillards.com":{"Dillards.com":6.328728416692701,"KingSizeDirect.com":1.0011857085154428,"RossStores.com":1.9993612311979032,"Yahoo.com":3.996380515635444,"Haband.com":0.34189056528352724,"OneStopPlus.com":0.34047227711318495,"TigerDirect.com":0.3338718508453247,"VictoriasSecret.com":0.33444643397304574,"Zappos.com":0.3236630007434269},"eBay.com":{"eBay.com":15},"Express.com":{"Aeropostale.com":1.004529228103198,"Belk.com":1.008993095922827,"BestBuy.com":2.3702383586346434,"ColdwaterCreek.com":1.327422099789589,"HomeDepot.com":0.32811482348246923,"Kmart.com":2.9892076968566106,"Lowes.com":1.0030348982682291,"Meijer.com":2.005754756484202,"Nike.com":0.32851360834513393,"WomanWithin.com":0.6522947784229889,"Express.com":0.6593673962726956,"Blair.com":0.33232908914047954,"Hollisterco.com":0.990200170276933},"Forever21.com":{"Forever21.com":13.691736981065777,"Zappos.com":1.3082630189342237},"Gap.com":{"Gap.com":14,"Kohls.com":1},"Google.com":{"Google.com":14,"Kohls.com":0.6597428898543467,"Roamans.com":0.34025711014565324},"Haband.com":{"Amazon.com":2.032214241794656,"Haband.com":6.029139729145562,"TigerDirect.com":2.6548031045453593,"Zappos.com":1.62574068421553,"RossStores.com":1.3448083213371222,"VictoriasSecret.com":1.3132939189617694},"Hollisterco.com":{"BestBuy.com":4.002197625133665,"ColdwaterCreek.com":0.6516198552550642,"Kmart.com":4.052729843135293,"Meijer.com":1.990079565314209,"WomanWithin.com":0.998162707081332,"Aeropostale.com":0.31932048594871265,"LandsEnd.com":0.3289394898789667,"Lowes.com":0.32917191383231903,"Hollisterco.com":0.6879891638337323,"Nike.com":0.3185632412788057,"Yahoo.com":1.3212261093079003},"HomeDepot.com":{"Aeropostale.com":1.3337561352990053,"BestBuy.com":1.7013102059517216,"HomeDepot.com":2.3362360934120283,"Kmart.com":0.3335341737041447,"LLBean.com":0.9859509376344721,"LandsEnd.com":1.3424603158348427,"Nike.com":0.9925139626900032,"TJMaxx.com":1.3453767088045778,"Yahoo.com":0.33171058775436923,"Lowes.com":0.33054808843355216,"Meijer.com":1.3344412444477172,"WomanWithin.com":0.3251849227548795,"hottopic.com":0.326257438230224,"Belk.com":0.33267474235727285,"ColdwaterCreek.com":1.3079072597438324,"Hollisterco.com":0.34013718294735734},"hottopic.com":{"Belk.com":0.6621651489847102,"BestBuy.com":0.6771284275886917,"Hollisterco.com":1.308635488633721,"Kmart.com":3.036971135117443,"LandsEnd.com":0.6639297187601088,"Lowes.com":0.6635360204386114,"TJMaxx.com":0.6566825646317113,"Yahoo.com":1.330363802991338,"hottopic.com":2.0116589911491003,"Meijer.com":1.990996862644806,"Nike.com":0.6648051525434759,"SamsClub.com":0.3354247469562963,"Express.com":0.33324057367982746,"WomanWithin.com":0.6644613658801586},"JCPenney.com":{"Aeropostale.com":1.3383344491285663,"Belk.com":0.3358844889705378,"ColdwaterCreek.com":3.01549924170521,"Express.com":0.3276790772757212,"JCPenney.com":2.6464919398035325,"Sears.com":0.6606029011689991,"TJMaxx.com":1.9955606336251823,"WomanWithin.com":0.6652896010568892,"Yahoo.com":0.9873039104823407,"Hollisterco.com":0.34359217119446245,"HomeDepot.com":0.6706673640382205,"LLBean.com":0.3305330440610726,"Lowes.com":0.3333930284529245,"Meijer.com":1.3491681490363412},"KingSizeDirect.com":{"Aeropostale.com":0.6580351691024544,"KingSizeDirect.com":4.372499860996393,"Lowes.com":0.6600622893528861,"Meijer.com":0.6525132681040068,"Sears.com":0.33459831357152364,"Yahoo.com":4.003513506184521,"BestBuy.com":0.3366298362192859,"ColdwaterCreek.com":0.31883779317070593,"Express.com":1.006030054134926,"OneStopPlus.com":0.6593184066775613,"WomanWithin.com":0.9979615024857365,"TJMaxx.com":1},"Kmart.com":{"BestBuy.com":4.087041762588051,"Kmart.com":3.0240024806399197,"LandsEnd.com":0.640792091309094,"Lowes.com":0.975507471030044,"Meijer.com":3.986834783590562,"Nike.com":0.3267472616938119,"TJMaxx.com":0.9918740340939545,"Aeropostale.com":0.33278082130572967,"Hollisterco.com":0.31583801442947734,"WomanWithin.com":0.31858127931935554},"Kohls.com":{"AE.com":5.298767723774718,"Kohls.com":6.7164535517920285,"SamsClub.com":1.660958169540883,"Target.com":0.6639014688090596,"Yahoo.com":0.6599190860833117},"LandsEnd.com":{"Aeropostale.com":0.33481698603575005,"BestBuy.com":2.360654565309311,"LandsEnd.com":4.664038044023672,"Lowes.com":0.9895932495636897,"Meijer.com":2.0071193185260814,"Nike.com":0.3281947642784758,"TJMaxx.com":1.6515881288948842,"Kmart.com":2.3305700110580085,"LLBean.com":0.3334249323101274},"LaneBryant.com":{"LaneBryant.com":13.679102218161761,"Kohls.com":0.3376674769336933,"SamsClub.com":0.3208977818382387,"Yahoo.com":0.6623325230663066},"LLBean.com":{"Aeropostale.com":0.6693949014874405,"ColdwaterCreek.com":2.3120067176598584,"LLBean.com":3.6655270199571697,"Lowes.com":1.678011930158644,"Meijer.com":3.0205088979826233,"Nike.com":2.338767861889841,"TJMaxx.com":0.975363760098965,"BestBuy.com":0.34041891076545866},"Lowes.com":{"LLBean.com":0.3312049728366888,"Lowes.com":0.994697785627942,"Meijer.com":2.017207379278341,"Nike.com":1.9726496120296262,"TJMaxx.com":5.367917549500309,"Aeropostale.com":1.3123031057334402,"Kmart.com":2.3387533465405976,"LandsEnd.com":0.33755757933769936,"ColdwaterCreek.com":0.327708669115356},"Macys.com":{"Aeropostale.com":2.64208678467527,