{"accuracy":15.94474143575169,"trials":742.9999999999995,"accurate":118.46942886763497,"precall":{"AE.com":{"precision":43.96679880028185,"recall":30.958813732629658},"Aeropostale.com":{"precision":3.528715714426812,"recall":4.466604587076494},"Amazon.com":{"precision":62.03688949890144,"recall":46.58164666695629},"BananaRepublic.com":{"precision":14.365581419073436,"recall":15.671583858265612},"BedBathandBeyond.com":{"precision":84.60175956498041,"recall":48.90017184038572},"Belk.com":{"precision":2.590550039432888,"recall":2.3170070658623256},"BestBuy.com":{"precision":3.320265080076313,"recall":4.505868915703435},"Blair.com":{"precision":6.08534393643981,"recall":4.783356641889847},"ChildrensPlace.com":{"precision":19.86845755198762,"recall":8.721375256721934},"ColdwaterCreek.com":{"precision":5.736560498772364,"recall":11.032319346493463},"Costco.com":{"precision":30.478974469860088,"recall":10.795336462611154},"Dillards.com":{"precision":70.8003745490552,"recall":26.687701347494148},"eBay.com":{"precision":100,"recall":79.97984174697353},"Express.com":{"precision":3.6152378561673215,"recall":4.489430033903273},"Forever21.com":{"precision":31.724465491692595,"recall":24.50461282048239},"Gap.com":{"precision":3.920133591299403,"recall":2.1756578955835337},"Google.com":{"precision":8.434997533527248,"recall":12.098920717801308},"Haband.com":{"precision":64.42151216304526,"recall":24.54040565714217},"Hollisterco.com":{"precision":2.204560308120823,"recall":2.333352098458984},"HomeDepot.com":{"precision":1.6357503022473137,"recall":2.3253626617892476},"hottopic.com":{"precision":1.8444237036788338,"recall":2.462170838649634},"JCPenney.com":{"precision":1.9593944934455956,"recall":2.216897523892491},"KingSizeDirect.com":{"precision":15.618444492162675,"recall":9.000715970221295},"Kmart.com":{"precision":2.9028777851539282,"recall":2.1073764182096495},"Kohls.com":{"precision":72.4217594942867,"recall":64.6282956983309},"LandsEnd.com":{"precision":34.0201777575007,"recall":35.764206748771265},"LaneBryant.com":{"precision":10.037316117567025,"recall":11.473871203671957},"LLBean.com":{"precision":2.355503623521461,"recall":1.8766186915178076},"Lowes.com":{"precision":2.026834904267445,"recall":4.580780029048627},"Macys.com":{"precision":2.8887104255534415,"recall":2.2373316604832145},"Meijer.com":{"precision":3.1543735885557407,"recall":4.4070531151249845},"Newegg.com":{"precision":24.232659762013018,"recall":11.212627795850482},"Nike.com":{"precision":2.9444143611508102,"recall":4.255207262808089},"Nordstrom.com":{"precision":100,"recall":100},"OldNavy.com":{"precision":8.505836191846509,"recall":2.2309257918999115},"OneStopPlus.com":{"precision":0,"recall":0},"Overstock.com":{"precision":45.02189684881807,"recall":40.50436300673825},"QVC.com":{"precision":3.495074127446576,"recall":4.6679971192664},"Roamans.com":{"precision":0,"recall":0},"RossStores.com":{"precision":12.063180261294846,"recall":6.714772382021714},"SamsClub.com":{"precision":3.626396868277971,"recall":8.8904895777683},"Sears.com":{"precision":5.795175604549999,"recall":2.1883157935611486},"Target.com":{"precision":2.0067824612610563,"recall":2.198525497614736},"TigerDirect.com":{"precision":23.2300346961813,"recall":11.150530706371308},"TJMaxx.com":{"precision":0.9312515672267248,"recall":2.2748283527517654},"VictoriasSecret.com":{"precision":3.324015662728986,"recall":6.5611925752627185},"Walmart.com":{"precision":76.92432972096861,"recall":22.220319226220766},"WomanWithin.com":{"precision":2.7591215219824923,"recall":4.437422575281851},"Yahoo.com":{"precision":3.3536932376554986,"recall":4.599529258421682},"Zappos.com":{"precision":78.41116918920112,"recall":64.54326916381706}}}
