{"amazon.ca":{"amazon.ca":1.998320547594105,"amazon.co.jp":0.6673216767367345,"amazon.co.uk":0.99521486132557,"amazon.de":4.689732075647719,"amazon.es":3.998187717952942,"amazon.it":1.3229192318379495,"amazon.fr":0.6603284496442494,"amazon.nl":0.6679754392607308},"amazon.cn":{"amazon.cn":12,"amazon.ca":0.6657260262240274,"amazon.de":0.3342739737759725},"amazon.co.jp":{"amazon.de":2.3563194155396023,"amazon.es":3.0019429328732476,"amazon.ca":3.3206970045454316,"amazon.co.uk":1.329061500021554,"amazon.com.au":0.33376851160888354,"amazon.it":1.6616140448174788,"amazon.nl":0.32993768598367323,"amazon.co.jp":2.3302326363439247,"amazon.com.br":0.33642626826620464},"amazon.com":{"amazon.com":15},"amazon.com.au":{"amazon.com.au":6.982756251017717,"amazon.ca":1.0003815103296598,"amazon.es":3.3367692117351995,"amazon.nl":2.6760374900837554,"amazon.com.br":0.6710342218384502,"amazon.fr":0.3330213149952185},"amazon.com.br":{"amazon.com.au":2.6484310039996335,"amazon.es":3.666534428246324,"amazon.ca":1.3338070717329402,"amazon.com.br":2.3395185547045463,"amazon.de":0.3377447191091188,"amazon.it":1.33433034446675,"amazon.nl":2.6739896310582925,"amazon.com.mx":0.33348908109567904,"amazon.fr":0.3321551655867151},"amazon.com.mx":{"amazon.com.br":4.32723817882599,"amazon.com.mx":2.3221008811769526,"amazon.ca":1.3293713294109324,"amazon.com.au":1.330438509738432,"amazon.es":1.340075682129458,"amazon.nl":4.018770626846895,"amazon.co.uk":0.3320047918713402},"amazon.co.uk":{"amazon.de":2.011308926186961,"amazon.nl":1.000201521635948,"amazon.ca":1.33735050864609,"amazon.co.uk":1.9859278784659025,"amazon.es":5.670142513864896,"amazon.it":2.333718963084272,"amazon.com.au":0.33276908361110025,"amazon.co.jp":0.328580604504831},"amazon.de":{"amazon.co.uk":3.649971021180459,"amazon.de":4.690225889389256,"amazon.ca":1.328596074877547,"amazon.co.jp":0.32951103033086415,"amazon.es":2.993326361261489,"amazon.fr":1.336065442150817,"amazon.it":0.6723041808095672},"amazon.es":{"amazon.co.uk":0.9905903026149956,"amazon.de":1.3406310067860085,"amazon.es":7.3316801523635196,"amazon.ca":1.0042785172761577,"amazon.com.br":0.3330576730267401,"amazon.in":0.33017790497396443,"amazon.it":3.340325635684568,"amazon.fr":0.3292588072740452},"amazon.fr":{"amazon.es":6.334949202143195,"amazon.it":3.997836161340868,"amazon.ca":0.33024156040797636,"amazon.co.uk":1.3398553257768793,"amazon.de":1.671923042343532,"amazon.fr":0.9966607010990274,"amazon.com.au":0.328534006888522},"amazon.in":{"amazon.ca":0.3339806130362879,"amazon.de":0.9976187190080084,"amazon.fr":0.3322066418685219,"amazon.es":7.032561574469952,"amazon.in":0.662286732012807,"amazon.it":3.3214103270784694,"amazon.co.jp":0.6682478996004164,"amazon.nl":0.6598524334283054,"amazon.co.uk":0.6626163461745178,"amazon.com.br":0.32921871332271396},"amazon.it":{"amazon.es":4.684455542574343,"amazon.it":2.659329374957479,"amazon.co.uk":0.6514404986801632,"amazon.de":4.010020147161424,"amazon.fr":0.3321534066048931,"amazon.in":0.6662308367964045,"amazon.nl":0.6634441828452261,"amazon.com.au":0.6660998164289623,"amazon.com.br":0.33318468465968504,"amazon.ca":0.33364150929141967},"amazon.nl":{"amazon.com.au":2.667953401894626,"amazon.nl":8.33631596975051,"amazon.com.br":0.9971775293099342,"amazon.es":2.3310855158009507,"amazon.com.mx":0.33541713944944873,"amazon.it":0.33205044379453036}}
