{
    "AE.com": {
        "AE.com": 8.02661331330121,
        "Belk.com": 0.330617783433896,
        "ColdwaterCreek.com": 0.842373186644332,
        "HomeDepot.com": 0.5093050465896635,
        "KingSizeDirect.com": 0.5035949073426498,
        "LLBean.com": 0.9874092303969255,
        "Lowes.com": 1.0058391440452152,
        "Nike.com": 0.8323887818279041,
        "Sears.com": 0.4906949534103365,
        "hottopic.com": 1.4711636530078682
    },
    "Aeropostale.com": {
        "Aeropostale.com": 1.4971758890985982,
        "Belk.com": 0.9712989304005499,
        "ColdwaterCreek.com": 1.5080318309635437,
        "LLBean.com": 0.9709602620031501,
        "Lowes.com": 3.5243712599915353,
        "Macys.com": 0.32682794983120994,
        "Meijer.com": 1.0225164951247927,
        "TJMaxx.com": 0.9937429522790401,
        "WomanWithin.com": 0.49648616968180015,
        "hottopic.com": 3.68858826062578
    },
    "Amazon.com": {
        "Aeropostale.com": 0.33230602608507015,
        "Amazon.com": 8.028595679652206,
        "BestBuy.com": 0.4988413298920268,
        "ChildrensPlace.com": 1.6869735593782216,
        "ColdwaterCreek.com": 0.332090051062055,
        "LLBean.com": 0.4984294566720109,
        "Meijer.com": 0.3388768348570162,
        "OneStopPlus.com": 0.3107137906069963,
        "QVC.com": 0.33719669102797334,
        "TJMaxx.com": 0.8132760158604013,
        "TigerDirect.com": 1.005055296707578,
        "WomanWithin.com": 0.8176452681984452
    },
    "BananaRepublic.com": {
        "AE.com": 0.49280045126745686,
        "Amazon.com": 0.32042881024306497,
        "BananaRepublic.com": 9.178686269219693,
        "HomeDepot.com": 0.507199548732543,
        "Newegg.com": 1.822243885159622,
        "OldNavy.com": 1.1577940359754022,
        "Yahoo.com": 0.8318680579985134,
        "eBay.com": 0.6889789414037043
    },
    "BedBathandBeyond.com": {
        "AE.com": 0.4781746551471891,
        "BedBathandBeyond.com": 11.317247707708097,
        "LandsEnd.com": 1.8616275058028589,
        "Yahoo.com": 0.5218253448528108,
        "eBay.com": 0.8211247864890456
    },
    "Belk.com": {
        "Aeropostale.com": 0.3327839944363195,
        "Belk.com": 0.8387296432941429,
        "BestBuy.com": 0.6646355845379281,
        "ColdwaterCreek.com": 3.7505108330245602,
        "LLBean.com": 1.6815122583357613,
        "Lowes.com": 0.9818679675897313,
        "Meijer.com": 0.9429749073832443,
        "TJMaxx.com": 0.33104312760605037,
        "hottopic.com": 5.475941683792261
    },
    "BestBuy.com": {
        "BestBuy.com": 10.227981433760746,
        "ColdwaterCreek.com": 0.6487454241685221,
        "LLBean.com": 0.33937470040313583,
        "Lowes.com": 0.3305335884891101,
        "TJMaxx.com": 3.4533648531784853
    },
    "Blair.com": {
        "Belk.com": 0.8206165145567816,
        "BestBuy.com": 0.8392708138383023,
        "Blair.com": 0.6692988202827499,
        "ColdwaterCreek.com": 0.3332976244731191,
        "Hollisterco.com": 3.8393735003480236,
        "KingSizeDirect.com": 3.8419622508447646,
        "LLBean.com": 1.9733914798591348,
        "Macys.com": 0.3424703585305096,
        "Meijer.com": 0.6685704457968524,
        "OneStopPlus.com": 0.3352922852576284,
        "TJMaxx.com": 0.49968591893124803,
        "Walmart.com": 0.3339488724305916,
        "WomanWithin.com": 0.5028211148502938
    },
    "ChildrensPlace.com": {
        "ChildrensPlace.com": 11.022132134622865,
        "LLBean.com": 1.4915717661876506,
        "Lowes.com": 0.9724336994236749,
        "Macys.com": 0.5067112405185424,
        "TJMaxx.com": 0.5107315976041578,
        "TigerDirect.com": 0.4964195616431092
    },
    "ColdwaterCreek.com": {
        "BestBuy.com": 0.32985739074825654,
        "ColdwaterCreek.com": 5.451913608750412,
        "LLBean.com": 3.2275341583504247,
        "Lowes.com": 1.5866688236135478,
        "Meijer.com": 2.1883011306883193,
        "QVC.com": 0.32407232163381017,
        "TJMaxx.com": 0.5049391912022712,
        "WomanWithin.com": 0.29118747072777734,
        "hottopic.com": 1.0955259042851808
    },
    "Costco.com": {
        "Amazon.com": 0.3117955657214539,
        "ColdwaterCreek.com": 0.3353290335545363,
        "Costco.com": 11.500443760614155,
        "LLBean.com": 0.33197275863533704,
        "Lowes.com": 0.3456431074252501,
        "Meijer.com": 0.6940328131562365,
        "TJMaxx.com": 1.1549266329553716,
        "hottopic.com": 0.3258563279376596
    },
    "Dillards.com": {
        "ColdwaterCreek.com": 1.1266260940912745,
        "Dillards.com": 10.297759510826795,
        "LLBean.com": 0.33635227764804515,
        "Lowes.com": 0.6422042941860329,
        "Macys.com": 0.48674678699160373,
        "Meijer.com": 0.460298671583817,
        "WomanWithin.com": 0.5052596796969309,
        "hottopic.com": 1.1447526849755012
    },
    "Express.com": {
        "Amazon.com": 0.32905458099383117,
        "Blair.com": 0.33075521115527634,
        "Express.com": 7.984853372483593,
        "Gap.com": 0.3303000730797581,
        "HomeDepot.com": 0.6740162970120411,
        "Kmart.com": 0.668433914232308,
        "Nike.com": 2.5203702360041604,
        "SamsClub.com": 0.33994248984507675,
        "Sears.com": 1.4925163881187893,
        "Yahoo.com": 0.32975743707516514
    },
    "Forever21.com": {
        "ChildrensPlace.com": 0.5001877971708784,
        "ColdwaterCreek.com": 0.5143282240221811,
        "Costco.com": 2.6827079987273375,
        "Dillards.com": 0.3343916495182127,
        "Forever21.com": 6.197005480718799,
        "Hollisterco.com": 0.331862654567038,
        "LLBean.com": 0.9875258054777293,
        "LaneBryant.com": 0.48713985878544735,
        "Lowes.com": 0.33171287628923024,
        "Meijer.com": 0.48082901099360575,
        "Nike.com": 0.4856717759778189,
        "QVC.com": 0.5000510204108397,
        "TigerDirect.com": 0.8360945078730082,
        "WomanWithin.com": 0.3304913394678735
    },
    "Gap.com": {
        "Aeropostale.com": 0.49161283875118056,
        "Costco.com": 0.32931708481191363,
        "Gap.com": 8.832258728110602,
        "Lowes.com": 0.8389789055102634,
        "Meijer.com": 1.4956790131312454,
        "Nike.com": 0.48857133192849755,
        "OldNavy.com": 0.49889586833209026,
        "TJMaxx.com": 1.1887806071818954,
        "TigerDirect.com": 0.331796555810366,
        "Yahoo.com": 0.5041090664319451
    },
    "Google.com": {
        "Amazon.com": 0.34081968592609285,
        "Blair.com": 0.3230266883529618,
        "Google.com": 13,
        "QVC.com": 0.3361536257209454,
        "Roamans.com": 1
    },
    "Haband.com": {
        "AE.com": 0.5041537854055825,
        "Belk.com": 0.6649149460795514,
        "Blair.com": 0.33772170559457143,
        "ColdwaterCreek.com": 0.5013942125103732,
        "Costco.com": 0.32656754915848946,
        "Haband.com": 1.154477196171125,
        "Hollisterco.com": 3.3719270516172872,
        "HomeDepot.com": 0.328673283480757,
        "KingSizeDirect.com": 1.3298427727762427,
        "LLBean.com": 1.0061652715855998,
        "Lowes.com": 0.3362334503018789,
        "Nike.com": 1.5041882111324894,
        "Sears.com": 0.3277952475044572,
        "Walmart.com": 3.3059453166815955
    },
    "Hollisterco.com": {
        "BestBuy.com": 3.3573205135949995,
        "ColdwaterCreek.com": 1.652841694102225,
        "Hollisterco.com": 2.1990650980493007,
        "LLBean.com": 1.485198151901785,
        "Lowes.com": 1.3268386302936814,
        "Meijer.com": 0.6653344142220097,
        "TJMaxx.com": 3.651323804517687,
        "WomanWithin.com": 0.6620776933183118
    },
    "HomeDepot.com": {
        "Aeropostale.com": 1.5358654211712124,
        "Belk.com": 1.1648802535751928,
        "ColdwaterCreek.com": 1.9778284416838872,
        "Costco.com": 0.6870516946108021,
        "Hollisterco.com": 0.8352185445568328,
        "HomeDepot.com": 0.8583502114454391,
        "KingSizeDirect.com": 1.1713252868565514,
        "LLBean.com": 0.33348304365923137,