{"accuracy":33.47853633119024,"trials":208.00000000000009,"accurate":69.63535556887574,"precall":{"amazon.ca":{"precision":13.958269020826098,"recall":13.322136983960704},"amazon.cn":{"precision":100,"recall":92.3076923076923},"amazon.co.jp":{"precision":53.89199454288607,"recall":15.534884242292831},"amazon.com":{"precision":100,"recall":100},"amazon.com.au":{"precision":45.6665368525591,"recall":46.55170834011811},"amazon.com.br":{"precision":24.20144250943796,"recall":15.596790364696977},"amazon.com.mx":{"precision":77.63608718414599,"recall":15.480672541179683},"amazon.co.uk":{"precision":16.63718436107942,"recall":13.239519189772682},"amazon.de":{"precision":20.901373119162546,"recall":31.268172595928373},"amazon.es":{"precision":14.175246785037288,"recall":48.877867682423464},"amazon.fr":{"precision":21.425039850015015,"recall":6.644404673993516},"amazon.in":{"precision":39.92816900273166,"recall":4.415244880085379},"amazon.it":{"precision":12.67805980010454,"recall":17.728862499716527},"amazon.nl":{"precision":39.64666523510502,"recall":55.57543979833673}}}
